{"cameraMode":{"drawMode":0,"name":"Shaded","section":"Shading Mode"},"sceneLighting":false,"audioPlay":false,"sceneViewState":{"showFog":true,"showMaterialUpdate":false,"showSkybox":false,"showFlares":true,"showImageEffects":true,"showParticleSystems":true},"in2DMode":false,"pivot":{"x":0.10467743873596192,"y":0.32510465383529665,"z":-0.3721572160720825},"rotation":{"x":0.11456074565649033,"y":-0.7526742815971375,"z":0.1360662281513214,"w":0.6340141296386719},"size":0.6031354665756226,"orthographic":false}