{"cameraMode":{"drawMode":0,"name":"Shaded","section":"Shading Mode"},"sceneLighting":false,"audioPlay":false,"sceneViewState":{"showFog":true,"showMaterialUpdate":false,"showSkybox":false,"showFlares":true,"showImageEffects":true,"showParticleSystems":true},"in2DMode":false,"pivot":{"x":-0.15545718371868134,"y":0.4126858711242676,"z":0.5245113968849182},"rotation":{"x":0.12742824852466584,"y":-0.21179397404193879,"z":0.027899816632270814,"w":0.9686373472213745},"size":0.6031354665756226,"orthographic":false}