{"cameraMode":{"drawMode":0,"name":"Shaded","section":"Shading Mode"},"sceneLighting":false,"audioPlay":false,"sceneViewState":{"showFog":true,"showMaterialUpdate":false,"showSkybox":false,"showFlares":true,"showImageEffects":true,"showParticleSystems":true},"in2DMode":false,"pivot":{"x":0.07330322265625,"y":0.31219482421875,"z":0.1329193115234375},"rotation":{"x":0.023898273706436158,"y":0.789584219455719,"z":-0.030807219445705415,"w":0.6124133467674255},"size":0.33078837394714358,"orthographic":true}