{"cameraMode":{"drawMode":0,"name":"Shaded","section":"Shading Mode"},"sceneLighting":false,"audioPlay":false,"sceneViewState":{"showFog":true,"showMaterialUpdate":false,"showSkybox":false,"showFlares":true,"showImageEffects":true,"showParticleSystems":true},"in2DMode":false,"pivot":{"x":-0.08457952737808228,"y":0.7134591937065125,"z":0.0009018182754516602},"rotation":{"x":-0.21717016398906709,"y":0.6344228386878967,"z":-0.19233569502830506,"w":-0.7165712118148804},"size":1.1270031929016114,"orthographic":false}