{"cameraMode":{"drawMode":0,"name":"Shaded","section":"Shading Mode"},"sceneLighting":false,"audioPlay":false,"sceneViewState":{"showFog":true,"showMaterialUpdate":false,"showSkybox":false,"showFlares":true,"showImageEffects":true,"showParticleSystems":true},"in2DMode":false,"pivot":{"x":-0.09998533129692078,"y":0.3846454322338104,"z":-0.2197265625},"rotation":{"x":-0.013919518329203129,"y":0.7001519799232483,"z":-0.013654666021466256,"w":-0.7137280702590942},"size":0.6031354665756226,"orthographic":true}