{"cameraMode":{"drawMode":0,"name":"Shaded","section":"Shading Mode"},"sceneLighting":false,"audioPlay":false,"sceneViewState":{"showFog":true,"showMaterialUpdate":false,"showSkybox":false,"showFlares":true,"showImageEffects":true,"showParticleSystems":true},"in2DMode":false,"pivot":{"x":0.03494992107152939,"y":-0.033128347247838977,"z":-0.33844828605651858},"rotation":{"x":0.09462258219718933,"y":-0.8236520290374756,"z":0.5402200818061829,"w":0.14426884055137635},"size":0.19110175967216493,"orthographic":true}