{"cameraMode":{"drawMode":0,"name":"Shaded","section":"Shading Mode"},"sceneLighting":false,"audioPlay":false,"sceneViewState":{"showFog":true,"showMaterialUpdate":false,"showSkybox":false,"showFlares":true,"showImageEffects":true,"showParticleSystems":true},"in2DMode":false,"pivot":{"x":2.9802322387695315e-8,"y":0.30250003933906557,"z":0.0},"rotation":{"x":0.006716677453368902,"y":0.8242965936660767,"z":-0.5661237835884094,"w":0.00980537012219429},"size":0.6031354665756226,"orthographic":false}