{"cameraMode":{"drawMode":0,"name":"Shaded","section":"Shading Mode"},"sceneLighting":true,"audioPlay":false,"sceneViewState":{"showFog":true,"showMaterialUpdate":false,"showSkybox":true,"showFlares":true,"showImageEffects":true,"showParticleSystems":true},"in2DMode":false,"pivot":{"x":6.0197272300720219,"y":6.439929485321045,"z":12.783198356628418},"rotation":{"x":0.6398804783821106,"y":0.13715918362140656,"z":-0.1174851804971695,"w":0.7470059990882874},"size":0.4319753050804138,"orthographic":false}