{"cameraMode":{"drawMode":0,"name":"Shaded","section":"Shading Mode"},"sceneLighting":true,"audioPlay":false,"sceneViewState":{"showFog":true,"showMaterialUpdate":false,"showSkybox":false,"showFlares":true,"showImageEffects":true,"showParticleSystems":true},"in2DMode":false,"pivot":{"x":-0.04500000178813934,"y":0.3150000274181366,"z":0.0},"rotation":{"x":0.004465639591217041,"y":0.9663741588592529,"z":-0.25655892491340639,"w":0.016814203932881357},"size":0.5960420966148377,"orthographic":true}