{"cameraMode":{"drawMode":0,"name":"Shaded","section":"Shading Mode"},"sceneLighting":true,"audioPlay":false,"sceneViewState":{"showFog":true,"showMaterialUpdate":false,"showSkybox":false,"showFlares":true,"showImageEffects":true,"showParticleSystems":true},"in2DMode":false,"pivot":{"x":-0.0940999984741211,"y":0.013100028038024903,"z":0.0},"rotation":{"x":-0.08064398169517517,"y":0.29761838912963869,"z":0.02523534558713436,"w":0.9509420990943909},"size":4.00103759765625,"orthographic":false}