{"cameraMode":{"drawMode":0,"name":"Shaded","section":"Shading Mode"},"sceneLighting":false,"audioPlay":false,"sceneViewState":{"showFog":true,"showMaterialUpdate":false,"showSkybox":false,"showFlares":true,"showImageEffects":true,"showParticleSystems":true},"in2DMode":false,"pivot":{"x":0.14126458764076234,"y":0.2607279419898987,"z":-0.2414100170135498},"rotation":{"x":-0.2817379832267761,"y":0.4429183304309845,"z":-0.14891460537910462,"w":-0.8380845189094544},"size":0.20108021795749665,"orthographic":false}