{"cameraMode":{"drawMode":0,"name":"Shaded","section":"Shading Mode"},"sceneLighting":false,"audioPlay":false,"sceneViewState":{"showFog":true,"showMaterialUpdate":false,"showSkybox":false,"showFlares":true,"showImageEffects":true,"showParticleSystems":true},"in2DMode":false,"pivot":{"x":0.5781426429748535,"y":-0.5895746350288391,"z":-0.73546302318573},"rotation":{"x":-0.031948477029800418,"y":0.9645456671714783,"z":-0.22259999811649323,"w":-0.138502299785614},"size":1.9486526250839234,"orthographic":false}