{"cameraMode":{"drawMode":0,"name":"Shaded","section":"Shading Mode"},"sceneLighting":false,"audioPlay":false,"sceneViewState":{"showFog":true,"showMaterialUpdate":false,"showSkybox":false,"showFlares":true,"showImageEffects":true,"showParticleSystems":true},"in2DMode":false,"pivot":{"x":0.9529827833175659,"y":0.42775827646255495,"z":-0.1703362911939621},"rotation":{"x":0.05672629922628403,"y":-0.6834942102432251,"z":0.05342087522149086,"w":0.725785493850708},"size":0.5196389555931091,"orthographic":true}