{"cameraMode":{"drawMode":0,"name":"Shaded","section":"Shading Mode"},"sceneLighting":false,"audioPlay":false,"sceneViewState":{"showFog":true,"showMaterialUpdate":false,"showSkybox":false,"showFlares":true,"showImageEffects":true,"showParticleSystems":true},"in2DMode":false,"pivot":{"x":2.9802322387695315e-8,"y":0.30250003933906557,"z":0.0},"rotation":{"x":-0.057072173804044726,"y":0.23893611133098603,"z":-0.014058995991945267,"w":-0.9693132638931274},"size":0.6031354665756226,"orthographic":false}