{"cameraMode":{"drawMode":0,"name":"Shaded","section":"Shading Mode"},"sceneLighting":true,"audioPlay":false,"sceneViewState":{"showFog":true,"showMaterialUpdate":false,"showSkybox":true,"showFlares":true,"showImageEffects":true,"showParticleSystems":true},"in2DMode":false,"pivot":{"x":11.440508842468262,"y":46.310699462890628,"z":29.58641815185547},"rotation":{"x":-0.2676069736480713,"y":-0.7096675038337708,"z":0.5545563697814941,"w":-0.34248408675193789},"size":0.3055591285228729,"orthographic":false}