{"cameraMode":{"drawMode":0,"name":"Shaded","section":"Shading Mode"},"sceneLighting":true,"audioPlay":false,"sceneViewState":{"showFog":true,"showMaterialUpdate":false,"showSkybox":false,"showFlares":true,"showImageEffects":true,"showParticleSystems":true},"in2DMode":false,"pivot":{"x":3.3169198036193849,"y":0.32392793893814089,"z":-1.0136576890945435},"rotation":{"x":0.06984575092792511,"y":0.7852487564086914,"z":-0.09017776697874069,"w":0.608618438243866},"size":4.197115421295166,"orthographic":false}