{"cameraMode":{"drawMode":0,"name":"Shaded","section":"Shading Mode"},"sceneLighting":true,"audioPlay":false,"sceneViewState":{"showFog":true,"showMaterialUpdate":false,"showSkybox":false,"showFlares":true,"showImageEffects":true,"showParticleSystems":true},"in2DMode":false,"pivot":{"x":-0.04500000178813934,"y":0.3150000274181366,"z":0.0},"rotation":{"x":0.002326320856809616,"y":0.9023836255073547,"z":-0.43090352416038515,"w":0.004871157463639975},"size":0.5960420966148377,"orthographic":true}