{"cameraMode":{"drawMode":0,"name":"Shaded","section":"Shading Mode"},"sceneLighting":false,"audioPlay":false,"sceneViewState":{"showFog":true,"showMaterialUpdate":false,"showSkybox":false,"showFlares":true,"showImageEffects":true,"showParticleSystems":true},"in2DMode":false,"pivot":{"x":-1.4380059242248536,"y":0.8836182355880737,"z":-1.5061376094818116},"rotation":{"x":-0.21461619436740876,"y":-0.014482828788459301,"z":0.003142524976283312,"w":-0.9766488671302795},"size":1.1270031929016114,"orthographic":false}