{"cameraMode":{"drawMode":0,"name":"Shaded","section":"Shading Mode"},"sceneLighting":false,"audioPlay":false,"sceneViewState":{"showFog":true,"showMaterialUpdate":false,"showSkybox":false,"showFlares":true,"showImageEffects":true,"showParticleSystems":true},"in2DMode":false,"pivot":{"x":-0.3336544930934906,"y":0.06134774908423424,"z":0.30598294734954836},"rotation":{"x":-0.1266501098871231,"y":0.4689731299877167,"z":-0.06813940405845642,"w":-0.8714885115623474},"size":0.6031354665756226,"orthographic":false}